iso3c,negara,mapel,skor_rerata,se_rerata,sd,se_sd,skor_10,se_10,skor_25,se_25,skor_50,se_50,skor_75,se_75,skor_90,se_90,selisih_90_10,se_selisih_90_10
AUS,Australia,Matematika,487.0842535121308,1.779614284857578,99.25718014540408,1.0459017765080187,358.46875,1.979094089862276,416.1018,2.0619253839285485,484.5607,1.9667865230779646,555.9391,2.688462208344114,619.0934,3.316114616367908,260.62465,3.4226398233551643
AUT,Austria,Matematika,487.2674989673573,2.3377890130540924,93.58063446159758,1.2400039509314889,362.2608,3.681744800664796,420.416,3.589705502022413,488.9731,2.7114027449929967,554.3788,2.6928153051737054,608.4310999999999,2.7390929053043953,246.1703,4.093069814943306
BEL,Belgium,Matematika,489.48681674494503,2.202874021453933,96.33182698883095,1.0814670910409392,359.4773,2.9805263822948374,420.22720000000004,3.030877355742982,492.1646,2.9732084893680084,558.8709000000001,2.8585562851823525,613.6125000000001,2.723941647609822,254.1352,3.597246803942177
CAN,Canada,Matematika,496.9478944357039,1.5618041791862418,94.00571810888324,0.8481431660702039,375.22130000000004,2.3208936746793603,430.49160000000006,1.721225791445994,496.31659999999994,1.801916298039085,561.6253,2.1633937709521196,618.873,2.2094386557072183,243.65170000000003,2.7090231306690615
CHL,Chile,Matematika,411.6965707080961,2.077902006709292,76.6302568442833,1.0759226585532788,315.0869,2.8798079106465093,357.68230000000005,2.5181365824862603,408.56549999999993,2.5766596897814082,463.55510000000004,2.436366704433515,513.5108,2.7735733586536555,198.42390000000003,3.3147289347446476
COL,Colombia,Matematika,382.6968351295674,3.031013488194706,72.82037542374103,1.5088866306749955,293.2585,3.0925038827111186,331.6645,3.1871637376880018,377.5383000000001,3.522099841556012,429.3221000000001,3.749878865469451,480.6039,4.366946963920498,187.34540000000004,4.230835170999534
CRI,Costa Rica,Matematika,384.57604112435735,1.8877075759401518,65.7048246976127,1.3555635215775603,302.175,2.315776488027293,339.05870000000004,2.1426085683629266,381.7727,2.188994476034856,426.70550000000003,2.5007604124656937,469.78009999999995,3.076152329435084,167.60510000000005,3.3739729252437343
CZE,Czech Republic,Matematika,486.9992078519244,2.0936446969417615,93.35085319887966,1.2373854221925766,365.3455,2.7456182445853607,418.4717,2.971876995477774,485.74890000000005,2.7987606572920014,553.1119000000001,2.7059305507122215,610.128,2.890024611871359,244.7825,3.8420464220111707
DNK,Denmark,Matematika,489.273876942411,1.9488222695141262,81.56431609427675,1.0866119960811957,382.8686,2.51230101345803,432.84130000000005,2.3936783299685676,489.2682,2.476631116501251,545.2059,2.5257163463780268,595.4058,3.0281797514256716,212.53719999999998,3.523918931664654
EST,Estonia,Matematika,509.9469532247615,1.9844748824103422,84.94771686549849,1.0994277487852284,401.2495000000001,2.485344474363661,449.5308,2.521095524656778,509.28580000000005,2.41499495254821,568.5667000000001,2.500772543524187,620.3098,2.981498512237126,219.06029999999998,3.123855081510314
FIN,Finland,Matematika,484.13922563776697,1.857155952008415,89.27698107869521,0.8807696841435814,365.6911,2.546904087509424,420.49870000000004,2.2486602048652062,485.94300000000004,2.2904511089218,547.3369000000001,2.35570233455498,599.5987,2.717382778929427,233.90760000000006,3.1466047932432075
FRA,France,Matematika,473.9444184205984,2.4889736450946547,91.0620891623746,1.067968701208731,353.4576,2.9811846027301874,408.48400000000004,3.2925059427095604,475.2276,2.880247477720736,539.0545000000001,3.08677235717181,592.6454,3.107956248641899,239.18780000000004,3.5881957128161526
DEU,Germany,Matematika,474.82645390785706,3.0648044725406103,94.71103726446646,1.3196301056960484,350.6104,4.151175966719153,407.0742,3.8558767559870377,474.3598000000001,3.797602949376243,541.246,3.4053081158725957,599.078,3.7377665283264747,248.4676,4.534750910254677
GRC,Greece,Matematika,430.1463218532806,2.3350234487243897,83.37324710421963,1.3308553469918425,325.68030000000005,2.9692129540783516,369.71560000000005,2.7551608467867506,426.2919,2.7151670547132087,487.2092,2.5750481629799977,542.0621,3.185941175871138,216.3818,3.512083244631629
HUN,Hungary,Matematika,472.77612237193983,2.5140600273705536,93.89699043545477,1.6869238125631112,347.52099999999996,3.2208455965268934,406.20149999999995,3.3013986041272454,474.41970000000003,3.2988680582427747,538.4214000000001,3.373961770266857,594.683,4.249493490536395,247.1620000000001,5.128662299112056
ISL,Iceland,Matematika,458.89644981037986,1.582063518068669,87.7835299605806,1.1628424925106058,344.39,2.891285910090678,396.28880000000004,2.4906411580822625,457.76319999999987,2.17057032955754,520.3564,2.557496236909347,574.4419999999999,3.345084029670344,230.05199999999996,4.2445555402054636
IRL,Ireland,Matematika,491.6482795918828,2.02226633837936,79.62383162560124,0.9121863011427687,386.56380000000007,2.776205893766409,436.81090000000006,2.872312276237078,492.8946000000001,2.294268171322708,547.2273000000001,2.1316006602368605,593.7378000000001,2.745640273460808,207.17400000000004,3.236317209550581
ISR,Israel,Matematika,457.8966665933153,3.2691485309175023,107.07107687595038,1.8782384451176268,316.6016,4.306853406813124,380.2129,3.8765444922708574,458.3616,4.136841625429825,534.2649,3.8430648745680664,596.72,4.624664133104997,280.1184,5.900153106546846
ITA,Italy,Matematika,471.2594754762866,3.0933882304626166,88.90286172128502,1.5754791038480405,357.2128,3.0406905060090113,407.88980000000004,2.9911871672604056,469.14520000000005,3.5226716696792963,532.9011,4.407394965030675,589.2771000000001,5.088843404339419,232.06429999999992,5.104551914005547
JPN,Japan,Matematika,535.5793059957158,2.9338277779405133,92.75353379828255,1.8791632969494063,409.9241,4.863626677539325,473.09889999999996,4.1536686493187345,540.3374,3.233068757989676,601.3188,3.3156536953099005,652.4593,4.317081103271306,242.53519999999995,6.055452934305031
KOR,Korea,Matematika,527.3025017804583,3.8628092342515536,105.20068767278602,2.557473219951802,387.79970000000003,6.395728508522091,456.1909,5.0720441309994095,531.4357,4.29052853037944,600.2993,4.238247210178203,659.6604,4.980207399267851,271.8607,7.702818007896723
LVA,Latvia,Matematika,483.1594552018177,2.031913091427376,80.14629487518725,1.1759155156520928,380.6579,3.4176433381303424,427.54110000000003,2.5456251153258576,481.2138,2.410208047036599,537.1602,2.566714151725242,587.1930000000001,2.9786900998080377,206.53510000000003,3.97663037055595
LTU,Lithuania,Matematika,475.14676197725714,1.8418202094056788,87.2084121756871,1.2958396829556884,363.6093,2.933953425556261,412.5542,2.446431626653168,472.5055,2.288200104036165,534.5499,2.531948180749362,590.8468,3.035039197989595,227.23750000000007,4.016028118261452
MEX,Mexico,Matematika,395.02991921871023,2.2705888394981915,69.39281351086343,1.4362621676066338,309.53200000000004,2.839644652847333,346.78460000000007,2.3491524008080513,391.0205,2.554369148363471,440.13239999999996,2.890708773524811,487.45200000000006,3.799551053377525,177.92,4.165504167898258
NLD,Netherlands,Matematika,492.6756389784962,3.7659610888125816,106.0940837991634,2.0533448480618217,347.51360000000005,5.65849996274042,411.06210000000004,6.627924892327412,496.7962999999999,4.892749343160756,574.4486,3.449725062072193,629.6741999999999,2.7538162657583953,282.1606,5.787521362331589
NZL,New Zealand,Matematika,479.07419345237787,1.9870247861740193,98.52026414167369,1.3593363854303875,350.4455,3.236706609133903,408.2462,3.226541507042279,478.09130000000005,2.6515472430943237,546.8436,2.889191715303391,608.5363000000001,3.7473396143871947,258.0908,4.957867418025842
NOR,Norway,Matematika,468.44994989168754,2.0624194087299266,93.46577328788851,0.941667479061969,345.13300000000004,2.647647096847397,400.9937,2.520557214850189,468.7578,2.7780602599255837,534.6479000000002,2.55834259678019,589.1065000000001,2.589406301564766,243.97350000000003,3.1747671598131038
POL,Poland,Matematika,488.9600537637015,2.2748502812098663,89.45825544460004,1.3884579430071284,370.33180000000004,3.125843185823804,426.36880000000014,3.1884717616969542,490.40810000000005,2.9412343927904394,551.9700000000001,2.6120021363197488,604.2769000000001,3.1039581984585,233.94510000000002,4.247898435648299
PRT,Portugal,Matematika,471.91052210574856,2.3505713863735482,89.63212573660886,1.4520873376665178,355.9181,4.100722548815163,407.55930000000006,3.0152624230045566,470.6481999999999,2.7574678588839028,536.4463,2.6642415109130555,589.2854,2.181761161468982,233.36730000000003,4.341345235414442
SVK,Slovak Republic,Matematika,463.9946184782649,2.8929280025402373,101.08722416683598,1.8260094733277044,327.3133,5.2017572783414066,392.2709,4.396167649103908,468.22950000000003,3.61215291189187,536.4733,2.9975869381563482,590.6346000000001,3.6365768539933154,263.3213,5.916440556618479
SVN,Slovenia,Matematika,484.5290086483499,1.244058661476809,89.23217361742076,1.0263550969513568,369.3448000000001,2.682537314356819,420.94759999999997,1.936610227985712,481.6068,1.8603074365097096,546.0541999999999,2.291819912573117,603.5637,2.6258853227689287,234.21890000000005,3.6986121502418623
ESP,Spain,Matematika,473.1402080246069,1.504376043709479,86.3723560422322,0.7635715331666951,358.89500000000004,2.223609252806497,413.6095,1.943419165914663,474.48080000000004,1.8250974834314417,533.4852000000001,1.6020828684437987,584.1269000000001,1.8279075922197074,225.23190000000005,2.4873384532411804
SWE,Sweden,Matematika,481.76606539700737,2.063120952774418,95.60213782967966,1.0886531661381809,355.91139999999996,2.914779546862092,412.9686,2.8693055611893645,482.8747999999999,2.6788559861596415,549.6724,2.794046763209236,606.9110000000001,2.7550094720546965,250.99960000000002,3.63340695416621
CHE,Switzerland,Matematika,507.99058644870297,2.143699976679563,96.03117515650695,1.2194305577575812,379.44570000000004,3.007625043581362,439.46199999999993,3.1299014551624125,508.74440000000004,2.8301976637880077,577.7522,2.6397846265262763,632.1796,2.7401975738783766,252.7339,3.7842349242908058
TUR,Türkiye,Matematika,453.15176740183233,1.5881505412241452,89.81236762350801,1.0356932340767606,340.7555,2.3498008644942225,387.2165,2.37376213682463,446.6616,2.399647706666776,515.0344,2.2216254000918676,576.3094,2.563739938438449,235.55390000000003,3.406356138937596
GBR,United Kingdom,Matematika,488.9750850657636,2.217951134425657,96.41668499040652,1.3319332637952679,363.01130000000006,3.051194061369896,422.3587,2.809820983077824,488.56179999999995,2.6696294941121197,555.0897,2.889048834247471,613.8832000000001,4.099053742498251,250.87189999999998,4.6877942834586666
USA,United States,Matematika,464.88804301212303,4.0067230940460865,94.5141299641828,1.798531425682674,344.5259000000001,4.024367321151933,395.68820000000005,4.166164131578351,461.53279999999995,4.6678284474689065,530.6320999999999,4.546961092693911,590.1127,5.9298542813743165,245.58680000000004,5.599814032874472
ECD,OECD,Matematika,472.3576499228968,0.3977541338120595,90.13069842949052,0.2262696356802469,354.6813148648649,0.5587593653105928,408.2320027027027,0.5238367449597784,471.9596783783783,0.4862840869719641,535.3326891891893,0.4835240742181013,589.9514702702703,0.5633413071348852,235.2701554054054,0.7124909834462158
ALB,Albania,Matematika,368.2217199510451,2.086251060160973,84.89426252115729,1.3341741251754582,265.6876,2.5314739690763357,308.20820000000003,2.2133086544808904,360.8525000000001,2.555379390972219,423.1980000000001,2.875372600517293,481.4601,3.529756021077565,215.7725,3.833504079385681
ARG,Argentina,Matematika,377.52902864845396,2.251655477609575,74.4228116090732,1.0643953263847457,286.5186,2.792337175597214,324.80640000000005,2.346955461869697,372.0307,2.547815297465652,425.323,2.7932988205654286,476.8405000000001,3.3447773587257537,190.32190000000003,3.5089706896119166
AZE,Azerbaijan,Matematika,396.8822928708397,2.3842095811680823,85.0657725050319,1.0979281015896871,290.2805,2.4623280621305415,335.7418,2.652888833082618,392.822,2.668991684658795,454.6129,2.9831625371966113,511.35069999999996,3.6314821542159517,221.0702,3.4303433064749966
BRA,Brazil,Matematika,378.6913669469825,1.5814188662379303,76.61713261246402,1.1784299919516905,288.2781,1.584830185698141,324.6847000000001,1.240771937198328,370.30240000000003,1.7413263565056092,424.7369000000001,2.4045635268057386,481.92840000000007,3.127160924331633,193.65030000000002,3.2483197008008804
BRN,Brunei Darussalam,Matematika,442.09310447098136,0.9259904623487327,83.72474878492108,0.6705025532288874,336.94319999999993,1.978863583109141,382.99840000000006,1.1876959452958606,437.0060000000001,1.5078555845600392,498.7456,1.6138582536201143,555.7634,2.2860447212987265,218.82020000000003,3.2989965449949765
BGR,Bulgaria,Matematika,417.30390037486825,3.3026884855371073,96.75384684811613,2.149696508080271,297.87780000000004,3.451900546900864,346.2056,3.2231533940640613,410.7668000000001,3.807845331169727,482.8691,4.908857197581736,548.7215,6.480487092675462,250.84370000000004,6.7618443004458655
KHM,Cambodia,Matematika,336.39604125930657,2.6940088059293332,72.53922418865943,1.5987928799907565,244.12040000000002,3.1199826979577256,287.9163,2.9742426512195266,336.4438,2.7067737739481217,383.27880000000005,3.3880190776551937,428.1918,4.506612286469241,184.07139999999998,4.562943231986711
HRV,Croatia,Matematika,463.1051893674915,2.378917216519759,87.9459641364443,1.3813806082941065,351.75690000000003,3.168729310627175,400.2114,2.865398059607077,459.2235,2.9316140881915733,523.5279999999999,3.4615070478365535,581.8275000000001,3.7411788111428783,230.0706,4.516213658755282
CYP,Cyprus,Matematika,418.30668002350967,1.1789263900498237,100.65562849794334,0.908907229113389,294.1154,1.9913034339974445,342.9254000000001,1.8600021287323552,411.0699000000001,1.8261840022297868,487.2654,2.0606217804881664,555.9667,2.770354801184215,261.8513,3.3408163027128976
DOM,Dominican Republic,Matematika,339.10724673258596,1.6233523102415568,53.987081406348956,1.2688724364178912,272.872,2.0748987054592907,301.87499999999994,1.8302104528350542,335.43090000000007,1.5156130089560012,372.7422,2.265980246677656,410.3717000000001,2.911983820973446,137.49970000000002,3.250024335015733
SLV,El Salvador,Matematika,343.4691009767227,2.0024105959700442,59.427775890790535,1.1419553374864921,271.6171,2.2817149224261617,302.62030000000004,1.8538953969352676,338.4628,2.0146807003702727,379.5364,2.727724151014499,422.8131000000001,3.900342998877006,151.196,3.8763134692213224
GEO,Georgia,Matematika,390.0242203216826,2.3735751482903424,84.53693130902205,2.223703976016661,288.2259,2.6607270941313095,330.1907000000001,2.0501369150755697,382.7322,2.248321482332244,443.6449,3.2096165780008308,502.446,4.902635643145886,214.22010000000006,5.327445413141275
GTM,Guatemala,Matematika,344.19948813728763,2.2107654957029585,68.72594577799806,1.6850905210895224,256.28650000000005,3.1183953466130254,298.7884,2.4472933318997723,343.24170000000004,2.05974188323575,388.6216,2.5439978578399844,431.85450000000003,4.348619018659199,175.568,4.991218654074154
HKG,Hong Kong,Matematika,540.3518012286893,2.9875390128314243,104.52488416131928,1.6519055163157785,398.48440000000005,5.198732884986924,469.4204,4.36882730114412,545.4759,3.2446835717361537,613.7067,3.0122046405692138,672.3466000000001,4.058755998729451,273.86220000000003,5.671405772332329
IDN,Indonesia,Matematika,365.525253871577,2.3511455919248037,62.27353625497863,1.2818648426741144,290.3537,2.442895767123063,323.0643,2.1331873181801053,361.0123,2.452261519637421,403.7919,3.2894218758561657,447.9302,3.766505004919461,157.5765,3.6158799988538237
JAM,Jamaica,Matematika,377.41693921863487,3.1377130176325876,71.24635582512549,1.4304089937987177,290.8007,2.8054501216382386,325.9474,3.128766104699531,370.8636,3.6427735376777886,423.49440000000004,4.8986760897149,475.4053,4.982834136033649,184.60460000000003,4.859478727303075
JOR,Jordan,Matematika,361.22802836657854,2.0330984152244858,61.72352743213554,1.0390125056408994,283.62520000000006,2.002408096517793,317.8441,2.09581220691804,358.36100000000005,2.2414865488046543,401.82509999999996,2.65357758360713,441.9789999999999,3.117850473661481,158.3538,3.211379161668707
KAZ,Kazakhstan,Matematika,425.4391288356629,1.688222591269737,78.43243921334539,0.9782242035200671,328.5561,1.8680853258676995,370.83690000000007,1.802063478580409,420.862,1.9158758281136088,476.5464,2.1300360361127417,529.2225,2.566850762797128,200.66640000000004,2.715088150988629
XKK,Kosovo,Matematika,354.9624438264088,1.0184295099924334,62.42659286203837,0.7218853813247212,279.60780000000005,1.6850963411297604,311.4535,1.4095879940311191,349.40380000000005,1.276109660691868,393.9857,1.8213857586479525,438.4859000000001,2.5979581199045128,158.87810000000005,2.835851002687627
MAC,Macau,Matematika,551.923153064622,1.0980572156826083,92.4860318574977,0.9729973009010535,429.2138,2.7081836719674484,488.96630000000005,2.119088655793124,553.969,1.767606897443221,616.4053,1.848446488420891,670.1524,2.5671220753176796,240.9386,3.659308766408852
MYS,Malaysia,Matematika,408.6874321942563,2.3964913880092706,75.72817639985776,2.3624603477482813,316.5883,2.2746022680411095,354.9708,2.0590952492673957,402.77090000000004,2.362054191241406,455.55940000000004,3.041973084588539,509.31930000000006,5.128575622038951,192.731,5.417679034817913
MLT,Malta,Matematika,466.01611291105684,1.5789621478861158,98.52281337874791,1.3601637626715408,332.7838,3.4329578141119357,394.52020000000005,2.9136278176870807,469.45630000000006,2.247408661597217,537.0037000000001,2.453796970117054,591.6611000000001,3.732498119296971,258.87730000000005,5.259906926840781
MDA,Moldova,Matematika,414.1980631976307,2.3073942073759923,79.5433381374045,1.2910770695829386,316.5002,2.4528929114415012,358.5634,1.9466737427454157,408.38100000000003,2.4288405661332413,465.34830000000005,3.4032991260523784,521.3124000000001,4.313675756693919,204.81220000000005,4.077308875825928
MNG,Mongolia,Matematika,424.59312854284474,2.5736123751348936,83.3443825473621,1.635707385083098,322.8197,2.9342095640147385,365.58400000000006,2.1860261052370276,417.76340000000005,2.5177955705338775,478.8149000000001,3.3170502723721924,537.0986,4.542944506166796,214.27890000000002,4.58539220817344
MNE,Montenegro,Matematika,405.6011733379937,1.115954898063525,81.63751208713586,0.9251928099425769,305.52750000000003,1.7485079077125534,346.1327,1.709487337909297,399.4759,1.799464255649746,460.0142,2.105425914057131,516.5379,2.4034061455972133,211.0104,3.1374247292653124
MAR,Morocco,Matematika,364.7662406960326,3.3503107306516235,62.695850721814764,2.1121743485425077,289.12940000000003,2.593526661174357,320.5436,2.5614507449935022,359.26150000000007,3.29310867631601,403.9148,4.24467604777509,449.39469999999994,6.324536171376963,160.26530000000002,5.938275263936302
MKD,North Macedonia,Matematika,388.5755067832621,0.8690069678410918,82.70814959970193,0.9343527879591963,286.9332,1.9270860733674173,328.7991,1.4200940929799937,381.9558,1.7117584998084963,444.0909,1.7602703222011684,500.2128,2.1826265896213783,213.2796,2.958847173496989
PSE,Palestinian Authority,Matematika,365.7466764424854,1.8394200588051235,65.9380055354849,1.1276034694137793,285.3619,2.1726294465015297,319.44599999999997,1.8917074896109103,361.4262,1.9929802944055655,407.9494000000001,2.5496165619123516,452.26670000000007,3.0714140684255202,166.90480000000002,3.1121521098527802
PAN,Panama,Matematika,356.57350391859563,2.8401298892531703,65.36637354223147,2.0513001753144864,278.0181,2.5209818520711766,311.1143,2.416134324385175,351.23870000000005,2.750751752324564,396.01869999999997,3.848058787954723,442.88050000000004,6.74696986872214,164.8624,6.575899732789
PRY,Paraguay,Matematika,337.53975043615014,2.157968686585342,77.44833384364206,1.1427430663749147,240.5368,2.876117398749382,283.1365,2.6200407350522883,334.6637,2.845522975097118,388.94620000000003,2.7653842784502856,439.3072,3.3638391407735253,198.7704,3.9485188384380288
PER,Peru,Matematika,391.23578464022944,2.3410276464749047,77.90543281400312,1.168176117277496,295.0808,2.604001370620692,335.4666,2.3313832050713765,385.8397,2.621594306163931,442.10499999999996,2.873059690662744,496.55870000000004,3.5534943592735457,201.47790000000003,3.639905546031073
PHL,Philippines,Matematika,354.7197127888579,2.579957143777436,64.6678775618726,1.7618247464009658,278.59310000000005,2.1550097774977917,307.8206,2.0980046068956892,346.9868000000001,2.6989863051297225,395.31680000000006,3.478148676499229,442.96400000000006,4.821147526955248,164.3709,4.7640513074483115
QAT,Qatar,Matematika,414.1062217855216,1.1391289781009637,88.75563904459416,1.0081372483311326,307.1802,2.0441400690279425,349.86800000000005,1.5629391463326046,405.41380000000004,1.708596271634828,469.11570000000006,2.0398131484416724,535.8368,2.6702317234287958,228.65660000000003,3.4698120135998898
ROU,Romania,Matematika,427.7599966689727,3.9984151337824545,98.52556840280164,1.9929340030747806,302.668,3.8223922395427485,355.99330000000003,4.090087729838783,423.90720000000005,4.9350082099447645,495.4194,5.567239472038884,559.4979999999999,6.082851102256436,256.83000000000004,6.251576328470631
SAU,Saudi Arabia,Matematika,388.781606995968,1.758176585075775,65.57792804611913,1.0208507440597858,308.3319000000001,2.1261491948799964,342.9596000000001,2.041997630589551,384.9929000000001,1.9260297052990807,430.725,2.300847910493477,474.34740000000005,2.7938544268328123,166.01550000000003,2.9678465924153015
SRB,Serbia,Matematika,439.8766666814576,2.974118655485218,89.5732605062357,2.6870191717162157,329.0075,3.5895197673419905,377.16859999999997,2.6625287437415595,435.50950000000006,2.8803651878807988,498.76270000000005,3.56703047552629,558.1827000000001,5.846110381983334,229.17519999999996,6.364165547127913
SGP,Singapore,Matematika,574.6638195932204,1.2328192157934168,102.79613678155017,0.9149739453765403,433.44790000000006,2.7744837643945446,505.1897,2.2879348679844167,581.9246000000002,1.7280206131824127,649.0141000000001,1.9518855042767211,701.9315000000001,2.252013869881558,268.4836,3.5844606291331464
TWN,Chinese Taipei,Matematika,547.0941643886057,3.7776260984003716,111.85357421363369,2.263829613942823,392.82890000000003,5.080989235867364,469.89349999999996,4.631493234743222,554.2705,4.477794043527462,627.7054,4.538797392910242,686.7426,5.450992361857411,293.9137,6.788835682053059
THA,Thailand,Matematika,393.9453559167338,2.6760245184756823,75.68396810900549,2.006541980603148,306.3477,2.27957510359204,341.55320000000006,2.178129600393677,385.20970000000005,2.4299660452588907,436.731,3.8765589212957674,495.42370000000005,6.485767771907279,189.076,6.204057438001986
UKR,Ukraine,Matematika,440.84530888926423,4.057485047781839,87.85783874343798,2.0652030304448936,329.0336,5.3964720136297295,377.5709,5.1676175526595935,437.8879,4.838693566463874,500.728,4.726871100612495,556.7078000000001,5.316231191413281,227.67420000000004,6.361462204993093
ARE,United Arab Emirates,Matematika,431.11047658355506,0.9493053441606941,101.35493201093658,0.6071118851971061,306.2385,1.4607373688768768,355.789,1.3649546548227234,422.8455,1.3290181092006725,499.5308,1.6222491902105816,570.1572,1.423926284277238,263.9187000000001,1.715358955308077
URY,Uruguay,Matematika,408.7120663921702,2.023864988806461,83.23173866421847,1.2591280864902616,303.2705,2.621285539392413,348.7934,2.6674585037905314,405.4797000000001,2.6796300584222528,465.7928,2.682850075246473,520.0075999999999,3.159566830191192,216.73709999999997,3.8349372613476014
UZB,Uzbekistan,Matematika,363.9353746814326,2.0189544316801817,66.96438480301866,0.9708424273944506,282.61830000000003,2.23480021664876,317.753,1.8854854618388202,359.64570000000003,2.1375901459223696,405.68420000000015,2.755110117631921,453.04210000000006,3.580123279845101,170.4238,3.3439948020460686
VNM,Viet Nam,Matematika,469.40242748130413,3.925960140967284,85.79213913910048,2.2638521457010548,360.1565,5.48127211558949,411.8289,4.252480441917268,468.75100000000003,4.0401056049866355,527.1247,4.628049767810769,580.4913,4.842080267245101,220.3348,6.179031711686532
AUS,Australia,Membaca,498.05093977660573,2.0135909245398698,110.93519180766694,1.2156492797381366,350.592,2.7250166230889445,422.3846000000001,2.249701270817233,502.1866,2.1566256000082906,576.2524999999999,2.7133810221034276,638.3368,3.0754970440880696,287.74479999999994,3.5808605298594767
AUT,Austria,Membaca,480.4058472226605,2.668253882277899,104.13322563051446,1.4329121565722587,339.52830000000006,4.307079548577874,406.44460000000004,4.029243129177955,485.1213,3.3668779517446783,556.5739,2.6989089216241093,612.9692,3.4479167655588996,273.44090000000006,4.934059436655008
BEL,Belgium,Membaca,478.8526682782359,2.523596269774015,104.79781417511659,1.3753255924314922,336.6687,3.85807483187319,406.61095000000006,3.4221504871043993,484.27600000000007,3.19453113113298,554.5956,2.683367108276058,610.4253000000001,3.2057559165117455,273.75660000000005,4.6403363536643685
CAN,Canada,Membaca,507.1328958226768,1.9656292255405976,108.72065100936749,1.3620379427391278,365.2916,2.6750442213634558,434.0677999999999,2.5264229328351884,510.69129999999996,2.3742364658921855,583.3034,2.692099631354472,643.2471,2.916535022624352,277.95550000000003,3.8410124059651016
CHL,Chile,Membaca,447.9789573967023,2.632560064005891,93.27370917298005,1.4324700706032578,328.8314,3.7349342922414426,384.40930000000003,3.2198729943896884,448.3524,3.236850970894051,513.4784000000001,3.346363622069645,567.8916,3.370496080800925,239.06020000000004,4.188570620516669
COL,Colombia,Membaca,408.6650263433265,3.751039710289459,93.24643098399835,1.5466478181511207,290.7597,3.792859083051848,342.2663,3.7498185918343654,403.9178,4.469263556877503,472.5985,4.92398511257791,533.9867,4.5626200605816605,243.22699999999998,4.237347021689666
CRI,Costa Rica,Membaca,415.23308032564466,2.659746946055408,86.28464297688721,1.2494750985333185,305.26810000000006,3.1264387171037855,354.321,3.008412999776163,414.07290000000006,3.376570992557066,474.28439999999995,3.460181289807418,527.7619,4.16324509400754,222.49380000000002,4.288899740237075
CZE,Czech Republic,Membaca,488.6036684603712,2.246223962493539,97.94007071866196,1.44515923761107,359.3705,3.4733024318243078,419.5237,3.1195741158984083,490.23499999999996,2.6813726280168138,558.3272999999999,2.6545407016406193,614.8822,2.976715801339531,255.51170000000002,4.361146087883442
DNK,Denmark,Membaca,488.8009907012354,2.578274856200562,91.89750327941607,1.2898576226602825,367.73290000000003,3.4856043299150086,426.87720000000013,3.417778861031919,491.4293,3.08651014676951,554.0422,2.9816815171979747,605.3850999999999,3.6288103915440058,237.65219999999997,4.4569920237445055
EST,Estonia,Membaca,511.03033164392804,2.3606176888501333,92.48081732442638,1.1072444801453096,388.08310000000006,4.043550066893229,449.0905000000001,3.3395440293382634,514.0550999999999,2.6392546352300523,576.1656,2.4376160174099124,628.444,3.0415696452106205,240.36090000000002,3.711467967009673
FIN,Finland,Membaca,490.2176848135362,2.2554211820939285,104.03406766427868,1.095790684944736,349.8002,3.8671877060044797,420.9704,3.022819368018319,496.90990000000005,2.6915508869836064,564.8781000000001,2.425420218172969,619.4806000000001,2.9891570302790544,269.6804,4.121599682111713
FRA,France,Membaca,473.852158031199,3.074535406687345,105.84226950875104,1.3601226973215819,330.84610000000004,4.4535814481780305,400.0767,4.520479076580884,478.76929999999993,3.3885040428385693,549.4385000000001,3.1403408594185023,607.9506,3.5794675885139897,277.10450000000003,4.260479947076916
DEU,Germany,Membaca,479.79402475457374,3.609103731522342,105.91272445271036,1.5378676548543173,339.8674000000001,5.110162626584297,405.8935,4.490665493183237,482.1896000000001,4.504227126714166,555.7551000000001,3.6758960790382704,615.5989000000002,3.8202562212101063,275.7315,4.9711530217121345
GRC,Greece,Membaca,438.44062522535023,2.8336252992015716,94.31760678847367,1.3359747811232539,315.47589999999997,4.387421169345635,372.1779000000001,3.5405302962817466,438.6944,3.2581928313270723,505.3227000000001,3.0877801808320067,560.7045999999999,3.2866708010454047,245.2287,4.347596541832686
HUN,Hungary,Membaca,472.9747259373598,2.827950549018584,101.46331882219903,1.8972872835981163,335.5354,4.323501223738304,403.92060000000004,4.159789829025815,479.4872,3.8629763003882274,546.4034,3.3417304297324875,599.4296999999999,3.48341541107447,263.89429999999993,5.112853292221242
ISL,Iceland,Membaca,435.89802804978666,2.064959068467695,103.03323159468192,1.3345683202323388,298.3869,4.31871043413296,361.92060000000004,2.9154218738222273,437.2366,3.446030395836319,510.6623000000001,2.965398890630991,569.3088,3.7929242243507555,270.92190000000005,5.411751397345109
IRL,Ireland,Membaca,516.0099753082625,2.3325795277050707,88.17628580822816,1.1654568598068762,399.94780000000003,3.8492415093394934,458.1142,3.173393040667287,520.509,2.609333722534466,577.8236,2.7743349215022013,626.7166,2.5977874712328646,226.76879999999997,3.8684226645042123
ISR,Israel,Membaca,473.8326982093545,3.487341171581806,122.11620533201376,1.586548844749945,305.72909999999996,4.560132892069407,387.90110000000004,4.959793688417561,480.70680000000004,4.284462799886482,563.5629000000001,3.4376463773278885,628.3670000000001,3.7262601706782648,322.63789999999995,5.065855712910488
ITA,Italy,Membaca,481.5982778298936,2.680228100171777,92.26634897726558,1.308612863823042,356.7078,3.7702554525890952,419.90860000000004,3.582403123234614,486.58259999999996,3.1442307127720293,546.945,3.1455045550488983,596.9681,3.493171564877203,240.26030000000003,4.254252998732245
JPN,Japan,Membaca,515.8546137502589,3.176899751902618,96.2630086984182,1.860636177403527,387.26160000000004,5.497635834004772,451.2539000000001,4.219129633651422,521.8403999999999,3.705598991784821,584.9471000000001,3.260194973975222,635.9270000000001,3.4403469221262215,248.6654,5.723588228319825
KOR,Korea,Membaca,515.4153921009976,3.6323098524910353,103.27938996032638,2.512217679574487,379.19930000000005,6.283656891857105,450.96129999999994,4.8274682166080725,522.5194,4.0370178390806615,587.0727,3.6379448232789655,640.9559,4.2158173449159895,261.7566,6.447858224484762
LVA,Latvia,Membaca,474.5686507347839,2.4599988713835828,89.65271262479575,1.5308778236291471,357.5773,3.9438451603592277,413.8092,3.4387894876362757,475.799,2.707724176571329,536.7180999999999,3.030407896843262,590.4474,3.504234842539351,232.8701,4.350084410483701
LTU,Lithuania,Membaca,471.8342299438432,2.209710932156193,94.2419409380596,1.48682961984621,347.64020000000005,4.33196292041943,407.9359,2.747846077359704,473.6977,2.779596199515517,538.3036999999999,2.7983536442582255,592.0218000000001,3.4762336271738707,244.3816,5.258656017793137
MEX,Mexico,Membaca,415.3589621469033,2.923989545994313,84.3254499154311,1.8492253649652088,307.8496,3.722222003741698,356.76559999999995,3.1241794965727454,413.91380000000004,3.215337315141116,472.55729999999994,3.9360369648783715,526.0579000000001,4.820638168103663,218.2083,5.43835362843542
NLD,Netherlands,Membaca,459.24290805644205,4.2822049161557585,114.87616262499692,2.09385674656467,304.4244,6.599409184877423,370.5811,7.299320356794264,462.31260000000003,5.718786730446707,547.669,4.459523366845896,607.7146000000001,3.8114155070473617,303.2902,6.742278382517375
NZL,New Zealand,Membaca,500.8530109556956,2.1173513363109313,109.05675694687932,1.4483566735040105,353.5253,3.750012060943575,424.4113,3.32392743018122,504.46160000000003,2.821249284842126,580.2302000000001,3.0580788733606066,640.5801,3.270655474506085,287.0548,4.84206709206177
NOR,Norway,Membaca,476.5238777539249,2.5420490613787745,112.38538569451475,1.3220969185152633,323.27180000000004,3.728076877727974,398.04120000000006,3.6784716608184502,481.9591,3.232556505929601,557.5543000000001,3.052000307539665,618.4327,3.0313095553828786,295.1609,4.163064528902424
POL,Poland,Membaca,488.71362906290636,2.7401438474118627,103.99629992356861,1.8715749017643684,347.23600000000005,5.1582935616129655,418.28100000000006,4.520716722029081,494.51890000000003,3.202913685094663,563.3695,3.4144098391148634,619.1116000000001,3.6840809344808956,271.8756,6.200407804341488
PRT,Portugal,Membaca,476.58861113023033,2.6632059313514627,93.53629468821175,1.7119594612414988,351.7436,4.894061869642529,413.39250000000004,3.524360375696246,480.2539999999999,2.9557336389540296,543.3408000000001,2.578767851341223,594.3496,2.831209171425014,242.60600000000005,4.892501272767106
SVK,Slovak Republic,Membaca,446.8606074045283,3.103058851600233,104.7241793354022,1.6532663792975189,305.899,5.014182815441286,372.202,4.44265886016221,451.2482,3.8655681465593705,523.9835999999999,3.34104125103404,580.429,3.3297843672467824,274.53,5.3636289914494055
SVN,Slovenia,Membaca,468.5360126993491,1.6443604276017258,96.53771343933056,1.1878037032218696,339.61440000000005,3.604006059966844,403.84319999999997,2.3430246841541416,472.59740000000005,2.0255709854809383,536.4087000000001,2.5268804355480547,591.3037999999999,3.1809830166728563,251.68939999999998,4.224752732129878
ESP,Spain,Membaca,474.3071124238225,1.653559930672569,96.73372937503314,0.9556149705380855,346.2796000000001,2.726491516634113,409.4375,2.4355953420057306,477.64840000000004,1.8630113652587668,542.1917,1.738530086060889,596.6772,1.9631503227168665,250.3976,2.851128972661532
SWE,Sweden,Membaca,486.97515578914386,2.4899434214525127,110.77141992984991,1.51649351091212,336.987,4.2376138715771745,410.3723,3.4923550367592613,492.5954,3.1353489663122893,567.6326000000001,2.8672105143036464,626.7652,3.1620760285855734,289.7782,4.740478081272766
CHE,Switzerland,Membaca,483.33173395585663,2.2583465898368154,104.96568590270577,1.4833940561645493,344.53880000000004,3.7356595322795503,408.7384,3.230575743836804,485.63530000000003,3.154366446513291,559.8353,3.1536311637231123,618.0205000000001,3.037171885822032,273.4817,4.618672011354801
TUR,Türkiye,Membaca,456.08404072475236,1.852157497598982,86.53239218461698,1.057083756528022,341.3476,2.882406276109515,395.6322,3.0621656615004107,457.59670000000006,2.5686529482071596,518.4053,2.321379906315305,568.1917000000001,2.6005056234050117,226.84410000000003,3.7113490945005236
GBR,United Kingdom,Membaca,494.40462600859087,2.3712521203331733,104.6198943437707,1.5634255338694143,357.0398,3.645618818679639,424.9662000000001,2.9531351146799154,496.41110000000003,2.8320257957717634,566.8549999999999,2.7153552934857546,626.0703000000001,3.450727892698069,269.0305,4.1704763225826165
USA,United States,Membaca,503.9375736570523,4.326216292916543,111.43538780924362,1.9273025274843651,355.7804000000001,6.079432388983551,427.58930000000004,5.633493819508854,506.40560000000005,4.54935589259623,582.5884,4.976771575041274,647.8471,5.4939664527956875,292.06669999999997,6.789519736165279
ECD,OECD,Membaca,475.5881987143185,0.4523937129520919,100.5082681179133,0.2501640291117424,341.9361783783784,0.6995802126156767,406.3538824324324,0.6196215939094257,478.8334513513514,0.5485811293804547,547.2993702702703,0.5241077756673205,603.4799513513514,0.5757267802101006,261.543772972973,0.7869613492201467
ALB,Albania,Membaca,358.43475823978576,1.9346874205237603,80.08607393443866,1.2537596252220722,259.92659999999995,2.2547590959334056,302.22159999999997,2.084747528312617,353.50890000000004,2.4202358877229733,411.04929999999996,2.8157306755973637,465.1540000000001,3.262156781180213,205.2274,3.351708375362068
ARG,Argentina,Membaca,400.7440434793743,2.5697667150159145,92.26247739796676,1.2216157567233619,284.59970000000004,2.8937718898620086,334.4332,2.857241934298023,396.7482,2.9538805249996525,462.4079,3.367614640958795,523.352,4.213123648724832,238.75230000000008,4.138332134246034
AZE,Azerbaijan,Membaca,365.21385835087807,2.4526128545158556,84.77168749176377,1.172082676061035,257.1317,2.718096985765553,304.4495,2.7524594844379116,362.91970000000003,2.7884023804959646,423.2273,2.8069382276829242,477.8131000000001,3.4002898773691177,220.6814,3.3581924448941947
BRA,Brazil,Membaca,410.35697944299073,2.0880190291528398,100.01432795521505,1.3678970719187722,283.97540000000004,2.823148404608666,339.28220000000005,2.4488238815353336,406.60285,2.4400517246908233,477.7516,3.0350484911923443,543.5059,3.472941998507902,259.5305,4.299015786394236
BRN,Brunei Darussalam,Membaca,429.2319117096338,1.1592120350667618,99.32628580214697,1.1321520600937294,299.5669,2.2575819326832347,357.7734,1.9851116846904209,428.8709000000001,1.543118670456394,500.483,2.0826124642167896,560.5405,3.0037220652975805,260.97360000000003,3.845254406480196
BGR,Bulgaria,Membaca,404.30373969630296,3.395752059450293,107.43653399520552,2.2980760316865614,267.59709999999995,3.5144714423208687,325.87020000000007,3.617650758587832,398.96500000000003,4.278162357186134,478.69949999999994,5.20485186587423,549.7313,5.792465897492291,282.1342,6.542475883431136
KHM,Cambodia,Membaca,328.842780421465,2.081342306526787,56.54803785481527,1.0102429982436019,256.21970000000005,2.613302398732725,291.8956,2.400564409328211,329.9316,2.3449560342952647,366.75800000000004,2.476335573876138,400.05449999999996,3.311221277296679,143.8348,3.333597934997892
HRV,Croatia,Membaca,475.4989464423297,2.4424196183180706,89.09707692315038,1.5925520181290318,357.682,4.167645593470943,414.553,2.98873856066866,476.8634,2.8386562040867154,538.7625,3.0578300583183946,590.1668,3.79598825620548,232.48480000000006,5.199365722868401
CYP,Cyprus,Membaca,381.07572437195614,1.1641990902620307,108.03121087278475,1.0001485616601589,245.4634,2.1750835286642802,300.37399999999997,1.759377094038621,374.2731000000001,2.3365119690826943,456.41889999999995,2.3306890792567483,526.9590000000001,2.6919029088278004,281.4956,3.024534530303793
DOM,Dominican Republic,Membaca,351.3122866900286,2.4408008862279647,83.95469581877215,1.5623325536281127,248.55370000000005,2.5128313682256715,290.61689999999993,2.6126524473862394,345.1714,2.953503266837911,406.1578,3.271490337241831,464.04570000000007,4.10361800273382,215.49200000000002,4.269584627695715
SLV,El Salvador,Membaca,364.90364362446246,2.8040209488389474,79.27675819559866,1.6657404593882295,268.35290000000003,2.9648385008715037,308.6531,2.812430782284045,358.15720000000005,3.0271600691810874,415.50590000000005,3.7084278155941233,472.52,4.90787312115272,204.1671,5.262068550392305
GEO,Georgia,Membaca,373.85835094728674,2.2879242784672864,83.32940358039339,1.632480899290581,269.97450000000003,2.7341009683257904,314.33610000000004,2.6695564042656135,369.54810000000003,2.1658305923094097,429.23130000000003,3.289378595254225,485.6714999999999,4.391709955447624,215.69700000000003,4.689339826078339
GTM,Guatemala,Membaca,374.12187096113416,2.437644371337782,73.24312902355308,1.6055184950113157,282.9824,2.9236916067989576,323.3995,2.558219871235328,371.5942,2.6758256875474697,422.3843000000001,3.190259862042767,469.2592000000001,4.274423859568678,186.27680000000004,4.888553837068449
HKG,Hong Kong,Membaca,499.70134091530184,2.8484780551982167,98.81923970680322,1.5170364184628962,365.91920000000005,5.147356821412757,437.1110000000001,3.981760388948588,507.0186,2.9281254015771103,568.9545999999999,2.782295467225666,620.9087,3.295079537313505,254.98950000000002,5.197612074228583
IDN,Indonesia,Membaca,358.5698594568464,2.9066056156039854,75.79525053361552,1.3570171979696133,263.9366,3.1079138971923133,306.2465,2.93613529112297,355.1804000000001,3.126283052204327,408.7060000000001,3.938935174620305,458.9647,4.118177328220179,195.0281,3.978577387518335
JAM,Jamaica,Membaca,409.63278662407834,4.2085529030193385,97.84284089555986,1.7690362896449057,284.17170000000004,5.000485275006377,340.04350000000005,4.747318714167909,407.27270000000004,5.125920018694748,479.50440000000003,5.302008376392224,539.6135,5.027151253457448,255.44179999999997,5.492047418022326
JOR,Jordan,Membaca,342.1658280535569,2.4013438375949474,76.67358953294921,1.4204560085190785,245.1968,2.599055462540406,286.5449,2.5135175002429913,338.8633,2.6487105647528453,395.0058,3.067959279119152,443.48199999999997,4.2382381920603365,198.28520000000003,4.488388302856854
KAZ,Kazakhstan,Membaca,386.2847481049628,1.6633863680747254,81.91851225391142,1.0853454358823145,288.4597,1.9687070000595117,330.2892,1.6177887773302027,379.682,1.7605151504996714,434.8588,2.0640253639900905,495.1125,3.2121833252910355,206.65279999999998,3.1820667404525707
XKK,Kosovo,Membaca,342.19442057784676,1.059504666153654,66.66709207182838,0.8388029504522738,259.33869999999996,1.9849974496205234,294.52560000000005,1.4601930465980562,338.2348,1.530689182561603,386.2721,1.7280814639683815,432.44190000000003,2.6511705160174026,173.10320000000002,3.1894868948190105
MAC,Macau,Membaca,510.4051219401435,1.3460016578124692,89.54804877997542,1.0295769656627918,393.15020000000004,2.8696970206897365,453.03679999999997,2.4206425814692674,515.4482,1.5404748171784988,573.6140000000001,1.8751638882449155,621.0056,2.563878290820159,227.85539999999997,3.796566092481884
MYS,Malaysia,Membaca,388.0878081152806,2.747829386485997,85.91724955571856,1.6053455433128843,274.8197,3.000227088719931,326.3062,3.0417447411897602,388.6934,3.2700912683491534,448.70980000000003,3.1942448653789857,498.9088000000001,3.84813505458597,224.08910000000003,4.1993109486359055
MLT,Malta,Membaca,445.2988384066523,1.903215187453837,111.3304415901328,1.540852339926588,292.8636000000001,4.012635403340167,366.2575,3.448321190489337,450.1636,2.8473831176869955,526.3419,2.4072701585221132,587.7556,3.4501027427535536,294.892,5.691471606088941
MDA,Moldova,Membaca,410.9353988016279,2.5107214787626284,87.1427898962083,1.6447166408614156,297.4082,3.2099449661473116,348.885,2.832144901542528,410.3529000000001,3.1144361226971924,471.9062,3.237690287865548,524.9204,4.27520985306895,227.5122,5.020063583331834
MNG,Mongolia,Membaca,378.41987381158583,2.254177348971642,76.62083001225895,1.1718225114739294,278.5177,3.382224060765671,326.78920000000005,2.480861443044198,379.1623,2.421125913587405,430.87610000000006,2.689885579350915,477.1002000000001,3.0490089875646476,198.58249999999998,3.723404386165523
MNE,Montenegro,Membaca,405.02045628413134,1.3499818293422923,89.19523736857087,0.9976474114505389,292.7575000000001,2.221973636894813,340.5676,2.0745883945174906,400.7887,2.052071979799388,467.37909999999994,2.0282386543227338,524.8296,2.7776768032536263,232.0721,3.399886351981313
MAR,Morocco,Membaca,339.36492494179,3.973813715348294,75.63336328938158,1.9242176112141796,244.7925,3.5214284459971354,285.17600000000004,3.433185993359515,335.7035,4.402948797192,390.6681000000001,4.9560389655785935,440.1854000000001,6.258049623351777,195.3929,5.806019465869499
MKD,North Macedonia,Membaca,358.52212249051536,0.814515011047877,75.53969715318087,0.8113493427408903,263.4891,1.641851999056415,303.9446,1.5710689757826284,354.58459999999997,1.1746147170337282,410.9704,1.8322611254039742,459.7182,1.9603168206950652,196.22910000000002,2.678151717006631
PSE,Palestinian Authority,Membaca,349.1570504195015,2.0324156769471564,76.52466449741728,1.0951119086623773,250.7046,2.641608556563806,295.0593,2.3248776620442246,348.81090000000006,2.4703733123198677,402.1368,2.443354127696872,449.0052,2.798589920462922,198.30060000000003,3.4240521265218637
PAN,Panama,Membaca,391.9533551935201,3.4149061517775547,93.88518286390557,1.9078175312789196,273.5218,3.7850890676442464,324.89730000000003,3.7852698890457797,387.8771,4.591721581583291,454.9892,4.53868021070002,516.4623999999999,5.441208133514296,242.94060000000002,5.56604469040228
PRY,Paraguay,Membaca,373.1556542101968,2.444967840575348,83.45702470843666,1.207443186985659,267.92990000000003,3.1432255139691523,314.61789999999996,2.8243928951389026,369.64040000000006,2.8756982210123025,429.8825,2.97783050782501,484.1334000000001,3.7482231637137122,216.20350000000005,4.065968136864822
PER,Peru,Membaca,408.24785608974094,2.7277570973630665,91.11482432342638,1.673732641350846,290.91260000000005,3.7339569309543785,343.45700000000005,3.1407986869938376,406.47810000000004,3.107151412199495,472.1459,3.194755812612635,528.5039,3.969822363171791,237.59130000000002,5.167915785145994
PHL,Philippines,Membaca,346.54738735104974,3.4001776474839804,85.24300295161332,2.208494796969371,245.52120000000005,2.119154951599548,282.64500000000004,2.446580496325436,335.36990000000003,3.4670924408805606,402.86260000000004,5.480164617673959,465.68980000000005,6.339480553334877,220.16859999999997,5.904360476188576
QAT,Qatar,Membaca,419.3042673960383,1.4478533473412794,105.69085987037653,1.2564767764870384,284.24449999999996,2.616818713204603,342.2034,2.2390671940440856,414.86440000000005,2.203390227959334,491.94340000000005,2.7020905439893532,561.1658,3.6598022118688385,276.9213,4.365212546053426
ROU,Romania,Membaca,428.4960173886829,3.9800087294005673,100.3512011877869,1.693395510083376,296.83689999999996,4.187493618369931,357.04420000000005,4.299546598770618,429.70330000000007,5.010276741026057,500.3897999999999,5.13023285571804,558.6182,5.11159372214555,261.78130000000004,5.708680402612041
SAU,Saudi Arabia,Membaca,382.55104941117963,1.989268998756702,78.86297473363611,1.1449756607577521,281.1965,3.147556207180594,327.50780000000003,2.7195319175467585,380.85,2.4719792542841263,436.69790000000006,2.2821650919259886,485.3607,2.798104238587261,204.16420000000002,3.7576451712364607
SRB,Serbia,Membaca,440.35496944760763,2.7858950376180567,90.79609748163854,1.95164021935823,322.78000000000003,3.5655981656503193,377.3354,3.013148720561638,440.41769999999997,3.2227811472262062,503.82919999999996,2.949145836744747,558.4628,4.451403468632743,235.68280000000001,5.1652027433049055
SGP,Singapore,Membaca,542.5533222174772,1.8721880827087385,105.89296670144353,1.150720230356676,399.97800000000007,3.7469769651309828,473.9145,3.09021944773165,551.4819,2.1883061127083296,618.5015,2.1426093059113156,671.401,2.1723088843184613,271.42300000000006,3.676111626509129
TWN,Chinese Taipei,Membaca,515.1672901092181,3.2512584086410365,104.63885893109901,2.237466544511897,374.31179999999995,5.251176778973247,446.74440000000004,4.416273874546281,522.7555000000001,3.581811035732411,589.065,3.6773877612036032,643.2997,4.533814154035576,268.9879,6.3129072340919095
THA,Thailand,Membaca,378.6630042589604,2.8203433436175325,80.1946473322591,2.03212451375628,279.24330000000003,3.0435573422942626,321.5606,3.0496729445776474,374.2753,3.0809912762011833,430.797,3.7980608350585383,485.5762,5.198908958457857,206.33290000000002,5.512034404953303
UKR,Ukraine,Membaca,427.52695255395724,3.931892222495399,93.11306020925169,1.9991074370816166,304.2883,6.604618564938735,363.3769,5.798613783195662,429.22299999999996,4.370442609863572,491.92190000000005,3.8212272136492147,546.3043,4.080955825402783,242.016,6.492874261535577
ARE,United Arab Emirates,Membaca,417.34974980607007,1.335641107318737,125.20601030674511,0.7103893655735765,255.91170000000002,1.7487037067973148,323.5466,1.8014946862489842,414.43059999999997,2.0418560440741667,507.53550000000007,1.852681585529772,584.2144000000001,1.8347772303848977,328.3027,2.0310567555599084
URY,Uruguay,Membaca,430.3597244432733,2.4050888874383545,99.20873257573577,1.6813979868507576,299.1363,3.458833544166299,359.00210000000004,3.2345598070766215,431.7764,3.1850229364253573,501.8111000000001,3.1061434939710733,559.2037,3.3978854870835975,260.0674,4.954961456978125
UZB,Uzbekistan,Membaca,335.50489976342425,2.003252386284543,66.17421860574154,0.9630608655254914,251.8001,2.1179091891139574,289.6465,2.1487774717072616,333.25509999999997,2.3825019144506743,379.20390000000003,2.3435960463510432,422.1164000000001,3.140856526844587,170.3163,3.008789369497307
VNM,Viet Nam,Membaca,461.887966181346,3.936410190296413,76.9452795025714,2.1742531532171046,360.50160000000005,6.246512785913698,412.92930000000007,4.610018157472075,464.5315,3.91868122489711,514.552,3.8776052094043845,557.7352000000001,4.674722521295903,197.2336,6.648618321720436
AUS,Australia,Sains,507.0008693485718,1.933075827422037,108.93461058616923,1.4008946465629992,364.1914,2.659769999245972,430.4231,2.3846292675114564,508.3718999999999,2.2254216024098032,583.4920999999999,2.481855618534247,647.4598000000001,3.14390264866862,283.26840000000004,3.9022727841711866
AUT,Austria,Sains,491.27095872010705,2.65013496054948,101.11432224247383,1.394239019846638,355.5558,3.5639889602062786,417.94160000000005,3.782889104389801,494.6651999999999,3.278275840984612,565.0363,3.378637308413801,621.5310999999999,3.105239734460481,265.97530000000006,4.075930998046124
BEL,Belgium,Sains,490.5783460591945,2.4818726351798412,100.97875027810227,1.3202544411964443,352.12940000000003,3.7070774653207463,419.15719999999993,3.5450062454889384,496.0153,2.8252015848431116,564.4213,2.8294223603649766,618.2407,3.243420152272403,266.11130000000003,4.39912909104997
CAN,Canada,Sains,515.0166759982307,1.9289933788065063,100.57157559186072,1.085024805594366,383.29630000000003,2.6458030467820324,445.8236999999999,2.219840758991009,516.4705,2.2649232395320196,584.3614,2.3604443000147812,643.1824000000001,2.8817911052994902,259.8861,3.3598764718116345
CHL,Chile,Sains,443.5434024052522,2.4685964293951574,91.8187743563829,1.4163827968088747,325.8345,3.4970829858612156,379.17299999999994,3.3524376329437917,442.80205,3.0041965225284732,507.62390000000005,3.0104031309038266,563.7175000000001,3.067850949995596,237.883,4.2568458121073185
COL,Colombia,Sains,411.12067324764644,3.284064276251248,86.83174077866188,1.6845703864679848,303.3147,3.612247843179588,348.78000000000003,3.2891030072380256,406.3203,3.675264049319751,469.12550000000005,4.436481689419618,527.9007,4.6727053011344415,224.586,4.999835606422466
CRI,Costa Rica,Sains,410.9866236658263,2.4179862897373168,80.17333628835122,1.2740756554698187,309.29810000000003,3.0066682578524984,355.16200000000003,2.7615014560571125,408.12110000000007,2.784307452341906,464.0441,3.004918702473035,515.4248,3.537624195464142,206.1267,3.842273528495569
CZE,Czech Republic,Sains,497.7420469634635,2.3042697697762615,99.49254570264885,1.4403741711332727,368.07020000000006,3.3518829828255616,426.9955,3.293877997470797,498.09680000000003,2.8786426716616114,567.7809000000001,3.034945027234167,627.8288000000001,3.3729634865805327,259.7586,3.976299146068837
DNK,Denmark,Sains,493.81571169679114,2.4975012005537094,94.69649640590562,1.5558754166602253,369.6145,3.7712781584040647,427.2455,3.56148752967461,494.66020000000003,3.0348157929866386,560.0996000000001,3.131609713869196,615.4322000000001,3.509494056286628,245.81770000000003,4.337216233337027
EST,Estonia,Sains,525.8117784943655,2.065430744915217,89.2362170356649,1.3113243875281384,408.96830000000006,3.2282030940430153,464.61410000000006,2.7986772615727635,526.6769,2.4328042422788605,588.0863,2.9702781655184403,640.6037000000001,3.1971949467897347,231.63540000000003,4.298054121957741
FIN,Finland,Sains,510.9588505290924,2.5007796841767487,106.38356160308258,1.1334401389888566,369.8879,3.2329672227649078,436.7169,3.1300776141646196,513.5195000000001,3.169208705939954,585.6012,2.8609693676755392,647.3919999999999,3.3391481422828706,277.50410000000005,3.779384005455728
FRA,France,Sains,487.2252787111397,2.729588592930129,102.98752038634785,1.454392196404953,349.7664,3.953189343235687,413.95270000000005,4.023657778360521,490.4783999999999,3.3780739112901164,560.8124,3.120434760151401,619.7981,3.367362666423413,270.03170000000006,4.422444325084506
DEU,Germany,Sains,492.4267295061775,3.4830592474452415,106.37715708787712,1.4869326702169128,352.3011,4.998435203141079,416.8276,4.552459971207262,493.2829,4.477783228417214,567.3242,3.834593305775004,631.3621,4.17770302505523,279.06100000000004,5.573703676690715
GRC,Greece,Sains,440.78606047355953,2.7672295085875107,90.84250742690539,1.6177634545601574,323.2397000000001,3.9545279379044356,375.91450000000003,3.3422462672746196,440.96229999999997,2.9763932417347774,504.86809999999997,3.0153446071717873,559.5186,3.463743936780446,236.27890000000002,4.715980758798866
HUN,Hungary,Sains,485.8901585000138,2.7087430549945295,96.45131387637389,1.5936450465482004,356.97679999999997,3.3462212484964144,416.67470000000003,3.8366598076430147,487.2397,3.714247023007042,555.1522,3.590465910903643,610.8798,3.8808157061370565,253.903,5.090619402172776
ISL,Iceland,Sains,446.9267951053713,1.7593903491187695,94.84475917065981,1.4209017963953199,323.92150000000004,3.689893871780053,378.4583,2.5491149719069135,446.11300000000006,2.3687777646569845,514.0801000000001,2.951578498400851,571.4479,3.3436404374573656,247.52640000000002,4.92772680113932
IRL,Ireland,Sains,503.8455371609127,2.256961502470492,91.25795038044402,1.1471604287389565,383.8421000000001,3.9436128300497946,441.4307,3.0930627704950027,505.84350000000006,2.6724732674060547,568.6885,2.5184991111605837,620.9025,2.7997318406312433,237.0604,4.602893168130484
ISR,Israel,Sains,464.7518251675385,3.3848144285204524,109.13054724733425,1.6662514845491678,320.31100000000004,4.269779785305092,385.1353000000001,4.097014091994316,466.4195000000001,4.070865551373709,544.058,3.890820250067246,605.3226,4.600320588768182,285.01160000000004,5.282314621241119
ITA,Italy,Sains,477.46336593724277,3.1775459779814303,92.75008717079852,1.7183239956909817,355.9436,3.875224305049252,412.8909,3.7682335676938132,479.70149999999995,3.8254905860592276,542.789,4.283101543469019,596.8436,4.268138610308424,240.9,4.65233422853817
JPN,Japan,Sains,546.6344535500577,2.803996201499706,92.969090720107,1.7090268007570848,421.4749,4.610822901006331,484.04159999999996,4.269095780529331,552.0855,3.2151969420628053,613.8339,3.1398884905226616,662.5682,3.40371939068947,241.0933,5.3500480305735945
KOR,Korea,Sains,527.8224182708128,3.5796167339300338,105.49199617890912,2.6698678000739218,387.4346,6.410388342847185,458.62300000000005,4.851840729386456,535.1925,4.0826559243544756,602.5761000000001,4.113409526644397,657.0637000000002,4.973541467271246,269.6291,7.510481691942256
LVA,Latvia,Sains,493.8427670445007,2.297973524998311,84.88725391707244,1.1678777988696627,385.0253,3.2912638922355204,434.3115,2.839825023194408,492.53229999999996,2.705765724979202,552.6755,2.8694781088592163,604.1831000000001,3.2130373484878465,219.1578,4.161279567232503
LTU,Lithuania,Sains,484.46340575011436,2.333203383690181,92.38525236003453,1.335579899812575,364.29240000000004,3.287155062702398,419.4633,2.9546227794574538,483.7225000000001,2.7361417139630926,548.3053,2.8219629352239464,605.3268,3.4448870103023657,241.0344,4.1972185049546065
MEX,Mexico,Sains,409.8865982623363,2.4156373930072097,74.900524922335,1.7203117178596157,315.2305,3.3458531713193596,357.44730000000004,2.7090835204097234,407.9109000000001,2.882557434837834,460.59590000000003,3.0387148700835085,507.8876,3.7827462375788174,192.65710000000004,4.79902884622967
NLD,Netherlands,Sains,488.3168361619046,4.073173545482625,112.25632897445479,2.168484082386918,340.2107000000001,5.395380599024814,401.1365,6.4177215660146,488.9111000000001,5.140163477188463,574.2193,4.344008467673871,636.1207,3.670486589298802,295.91,6.048440234335936
NZL,New Zealand,Sains,504.1293047861225,2.24204434389445,107.23683888896129,1.4911768320061118,361.86310000000003,4.1386670168196815,427.92199999999997,3.5690282100547583,506.26480000000004,2.730183436857111,581.4633,3.015560909773768,643.3184,3.0821247638150924,281.4553,5.064347779356976
NOR,Norway,Sains,478.22646488318014,2.3725452886461076,105.99391861713048,1.1618941765294482,338.2705,3.173873827526154,400.6924000000001,3.172236599519854,479.684,2.999399222066537,555.4273000000001,3.1821173168932897,614.4841000000001,3.1130279835984083,276.21360000000004,3.683063557352775
POL,Poland,Sains,499.1643620798552,2.545075433559243,96.1858924442506,1.5342643064185997,369.6127,3.958734859722649,431.8822,3.946454077044628,502.12460000000004,3.17032315810322,567.7277000000001,2.9572794267564055,622.6749000000001,3.359957893523363,253.0622,4.707194173549641
PRT,Portugal,Sains,484.3734641218211,2.5589933837950145,92.03650452763925,1.448348547113664,364.4245,4.167239993288926,419.1699000000001,3.5173010465135848,485.3079,3.321269846028612,550.4050000000001,2.9867172249254934,603.2212,2.711014135199238,238.7967,4.471727767581706
SVK,Slovak Republic,Sains,462.26948311910746,3.030178347929712,103.30913146203835,1.9078143278982518,324.4383,5.063466055932768,390.5189,4.135495135611536,464.9275,3.6135755093351354,536.2715,3.562320163881956,593.0271999999999,3.5745539307762253,268.5889,5.840208246358459
SVN,Slovenia,Sains,499.96488247350874,1.445862225407722,94.19732597188673,1.5703127937852912,376.4630000000001,2.935638946232813,434.45225000000005,2.323713137356292,500.3616000000001,2.1105619231024715,566.3089000000001,2.301979733234461,622.3176,3.251564842545495,245.8546,4.850203677581809
ESP,Spain,Sains,484.53364843016817,1.601052791117442,91.65587486985747,0.7517807433373668,363.4701,2.2928676019040224,421.60210000000006,1.968671767122868,486.4152,2.0075879244271113,548.42985,1.8203007879880646,601.4413000000001,1.8849942367654329,237.97120000000007,2.281710546875357
SWE,Sweden,Sains,493.54931908196386,2.3504492247505713,108.27653511731731,1.6866369793564326,349.55730000000005,3.9679852185964655,414.34920000000005,3.7030666692171037,496.9102000000001,2.988912768164107,572.4758,2.6823622471620068,633.111,3.2877458487710274,283.55369999999994,5.463552366668901
CHE,Switzerland,Sains,502.5232415322321,2.1858660253953737,99.46627796466788,1.333114169947084,370.3158,3.5477674728075215,429.3053,2.955991915584342,504.1843000000001,2.8645785938142643,575.1914,2.685349749153317,631.2243,2.8157238560152473,260.9085,4.413939914885816
TUR,Türkiye,Sains,475.9378020991971,1.928091578121326,89.36757497539253,1.0990247088171239,360.6284,2.662239302338666,410.60510000000005,2.8141116127277015,473.96479999999997,2.6985206844574057,540.1759999999999,2.2914467242637158,594.6062,3.0964210801432794,233.97780000000003,3.761934695461451
GBR,United Kingdom,Sains,499.6702137826572,2.3764772726025902,103.7929897357787,1.4476327412750605,363.1014,2.9665643320364907,426.9857,2.8729972246621913,500.05549999999994,2.928208506920232,572.1014,3.1484273538325596,633.7901000000002,3.8379429264653755,270.6887,4.474075793716129
USA,United States,Sains,499.4140640635121,4.318557117786097,108.12913513464349,1.7819286679789514,356.5362,5.09018133708854,421.0561000000001,5.020458620263471,501.8629000000001,5.25856031454111,577.3744,4.805345713427447,638.6838,5.171335769358282,282.1476,5.766975532335419
ECD,OECD,Sains,484.6455247887445,0.4353076682655708,97.49762757833842,0.2506324582866624,356.4544054054054,0.6310737389438159,415.591395945946,0.5835793920409044,485.8967202702703,0.5316143387135103,553.8649635135135,0.5281310910484922,610.5361918918919,0.5810815017226331,254.0817864864865,0.774918416545567
ALB,Albania,Sains,375.9677509261673,2.2162039512167593,82.56283490105922,1.4325595573370111,274.8747,2.5213203593719156,318.1875,2.4871236199897893,370.797,2.5179256572733753,429.4294,3.000647840721696,484.8616,3.7762033363367835,209.9869,4.360376387073077
ARG,Argentina,Sains,406.19134070596033,2.4928815493935357,85.68626688626226,1.1736717269917318,300.7598,2.955167885717797,345.39329999999995,2.7038765609152082,400.7087000000001,3.0578501755727,463.09259999999995,3.253914018041281,521.4633000000001,3.616695989704475,220.7035,3.6912892828552732
AZE,Azerbaijan,Sains,380.14368749242345,2.208214196153119,77.95710859907716,1.3258663634030587,282.51875000000007,2.7981761940940126,324.4151,2.539367572404156,376.1267,2.511785058949334,431.73260000000005,2.6716707537138613,483.70240000000007,3.389716011048062,201.18365,3.8192971863470997
BRA,Brazil,Sains,403.00121363646645,1.9327708396621321,94.08058632167935,1.2939765511263897,288.2345,2.162170509259413,336.90220000000005,1.9121680776600751,396.44710000000003,2.108506120390034,463.24660000000006,2.5732753561582005,529.0296000000001,3.4604291201863084,240.79510000000002,3.6481113804497043
BRN,Brunei Darussalam,Sains,445.85511634219006,1.3168275347753786,93.63021362355457,1.017895373267578,326.5468,2.7097335379455045,377.51210000000003,2.027896502947495,441.60390000000007,1.7425886907127497,512.3406,2.1541097871278434,571.2327,2.634026959070675,244.6859,3.866915701606807
BGR,Bulgaria,Sains,420.99321949949467,3.1742431523145336,94.58539922529876,1.8578343066088137,302.1549,3.0886648157685626,351.23940000000005,3.2743190232643964,414.5896000000001,4.036325306582161,486.89619999999996,4.734480330878168,548.8705,4.981956455327339,246.71560000000005,5.4780136450937444
KHM,Cambodia,Sains,347.1041621496973,2.0991587329568726,50.84591113805334,1.1653522532816305,283.01150000000007,2.4991018075389526,313.82550000000003,2.097205540216951,347.37940000000003,2.160069231047156,380.56720000000007,2.4920800856580287,410.60130000000004,3.2368224451870447,127.5898,3.1430304315881044
HRV,Croatia,Sains,482.6674492104965,2.3975352832958556,93.07135889541871,1.6422553327972804,362.18850000000003,3.90728874315184,417.09560000000005,3.15676483092704,481.71530000000007,3.0481461466129085,547.8802000000001,2.8091239282816347,604.7268,2.97775489638027,242.53830000000005,4.785342887255953
CYP,Cyprus,Sains,410.9025172747924,1.4566104471852634,105.22817449787365,1.4690481078874291,280.4084,2.8732187178658055,331.9338,2.3642277177524362,404.31910000000005,2.3613503220262206,485.0093999999999,2.637208947500707,552.6632,2.965283337525361,272.25480000000005,4.435125045305929
DOM,Dominican Republic,Sains,360.426059741043,2.0445362541235177,69.14659173581707,1.0855240617299287,275.293,2.259146056219771,311.86800000000005,1.9293161979845503,356.15830000000005,2.31229589621801,405.28260000000006,3.015354140271092,452.37760000000003,2.7852646970759865,177.08460000000002,2.954180269926364
SLV,El Salvador,Sains,373.14131443083045,2.620418080214735,73.70848460417433,1.2727688532663133,284.03130000000004,3.286416729002373,322.34830000000005,2.7251530767147316,367.4285000000001,2.6097995276351122,419.2530999999999,3.354777819270103,472.02230000000003,4.540552418239199,187.991,4.139491393677893
GEO,Georgia,Sains,384.06745917538075,2.3082714051164865,81.13267092888748,1.9054570355412812,284.6808,2.4228495491993622,327.7194,2.2558330677564165,379.0338,2.3223379859768682,435.78490000000005,2.843259976681698,491.1834,5.073480209601908,206.5026,5.23312480680626
GTM,Guatemala,Sains,372.9627538384929,2.2302804426408738,64.69622155290979,1.690886838909838,294.4491,2.575791977992185,328.60560000000004,2.25194523175089,368.77160000000003,2.2781465754960664,413.8747000000001,2.675778232070476,457.5500000000001,4.401526990715832,163.10090000000002,4.4576114885415645
HKG,Hong Kong,Sains,520.4186794997768,2.792846862886252,93.13608677220594,1.674881248855463,394.34430000000003,4.796305288506516,457.76250000000005,4.3035214697126545,525.9448000000001,3.3896708737517764,586.3125,3.029308713588341,636.4423,3.2008217242911976,242.098,5.488492063513431
IDN,Indonesia,Sains,382.86341281212907,2.5612945584999705,70.51115012096321,1.2691552150231964,296.3159,2.734537429524824,335.5122,2.7401653006707507,380.66920000000005,2.734600903138237,428.93170000000003,3.1299900797011806,474.4355999999999,3.503896986570811,178.1197,3.6113111730713543
JAM,Jamaica,Sains,402.93396156387877,3.87653209530554,94.24046124795514,1.8466149917437102,286.1089,4.085490391005715,334.28310000000005,4.057078107747136,397.4632000000001,4.798443445593116,466.1122,5.111245340382651,531.0494000000001,5.77075287072667,244.94050000000004,5.948878487954204
JOR,Jordan,Sains,374.52708693892095,2.35131154925397,74.17587173827819,1.4183296728380865,281.9437,2.478785890534138,322.1222,2.305197016164421,370.9975999999999,2.4974814570549513,423.7477,2.944383293851374,473.0455,3.728114995413609,191.10180000000003,3.7238493708534377
KAZ,Kazakhstan,Sains,423.1660456580578,1.7199577816174285,77.80239726317512,1.2793929784941571,329.3109,2.1551374676443382,370.87010000000004,1.8912948835828416,418.6562,1.806927017103588,470.99429999999995,2.1404597301488466,524.3944000000001,3.050453139676313,195.08350000000002,3.4563844645533166
XKK,Kosovo,Sains,357.0240515732677,1.2598271389948559,65.75126070919514,0.9675345883688242,277.8527000000001,1.5644296904587622,310.61940000000004,1.5030934903373356,350.5674,1.534389854171136,399.01880000000006,1.879468693873354,445.61050000000006,3.180932824834739,167.75780000000003,3.5093268933973967
MAC,Macau,Sains,543.0962811931972,1.1143959097459135,87.6447977585103,1.4931456148948206,426.2187,2.829117294218188,486.7315000000001,2.0698955879464074,549.0350000000001,1.9260305143538565,604.4126,1.853631407684807,651.0266,2.489565869673751,224.80790000000002,4.299455523474261
MYS,Malaysia,Sains,416.3061157824866,2.348418983844438,78.59719695061729,2.166693963334376,316.67560000000003,2.855064553560919,360.1811,2.7214749240480263,413.95599999999996,2.6067301830763197,468.81650000000013,2.9767393310933046,518.8371000000001,4.532186675892656,202.16150000000005,5.6192899628694715
MLT,Malta,Sains,465.5887385990138,1.697303582338243,102.282846867816,1.4229319671529435,327.8038,3.646063499248953,391.3312,3.097936658689134,468.85630000000003,2.759323391199774,540.0597000000001,2.666016894482604,597.1112,4.1097615810814725,269.30740000000003,5.726125010811807
MDA,Moldova,Sains,416.85897507106233,2.387677996728532,82.97101431655825,1.4794606580497238,313.5653000000001,2.6528238043011125,358.3638000000001,2.5205251928472774,412.31180000000006,2.66720834248512,472.75,3.3317675951237473,528.0238,3.8483191836032575,214.45850000000002,4.248754756134755
MNG,Mongolia,Sains,412.3825368341425,2.3645544794900095,76.07597663854226,1.3422882676293495,316.25280000000004,3.1644136602966846,359.44419999999997,2.4726682031315463,410.1071,2.654271199249743,463.5479,3.1874090144966365,513.0572000000001,3.51267574467417,196.8044,4.169714551464458
MNE,Montenegro,Sains,403.13024220391225,1.205262802672876,83.52294832284004,1.0898003477322078,298.37840000000006,2.4814106865965475,342.6954,1.8976559198126581,398.66150000000005,1.8549286395753013,460.8397000000001,2.323295509884618,515.1455,2.2597410582975,216.76710000000003,3.675965627710775
MAR,Morocco,Sains,365.3980757846213,3.3834218671463625,67.0708208113474,1.6731177874610865,283.4146,2.8351730064299168,317.7587000000001,2.9028657454507116,360.12000000000006,3.4942824866129514,408.37530000000004,4.634928976442538,456.02029999999996,5.323232867920686,172.60570000000004,5.047511610382329
MKD,North Macedonia,Sains,379.8751061574653,0.9290687268948774,81.85442826045605,0.8878250449405619,279.18530000000004,1.8105078240955172,320.78400000000005,1.3743097377006737,373.7483,1.4860879275709864,435.0901,1.8656359428117528,490.47470000000004,2.431968973811816,211.28940000000003,2.7862113983418393
PSE,Palestinian Authority,Sains,368.8150946174147,2.0950445995818336,71.83213422290521,1.3300581711671327,280.2567,2.3739568468183188,319.288,2.211754032844873,364.64880000000005,2.128501731656955,415.6277,2.735508485029179,464.0081,3.6483137708094375,183.75140000000002,3.7011542072485093
PAN,Panama,Sains,387.7676243349397,3.544843069347799,87.70701507019977,2.2396097976749365,280.8266,3.726063406264039,326.5606,2.9559080234901307,381.8538000000001,3.596314206548454,443.9884,5.211792358747077,504.38059999999996,6.595694693741935,223.554,6.927653584888769
PRY,Paraguay,Sains,368.3278246473302,2.0551982375781193,76.51980496182018,1.2255129836528909,273.21430000000004,2.8815035800197575,313.9832,2.6294321183744045,364.0839,2.4152420921330244,419.09860000000003,2.616718136436469,469.3900000000001,3.3148871557172,196.1757,3.9294638807525484
PER,Peru,Sains,407.7777609863706,2.6444598740489704,85.70112941290083,1.3406715463213512,299.9431,3.398617522039085,347.00010000000003,2.9616622131133257,403.6566,2.955748961604791,465.9357,3.0683107001021095,522.0998,3.928805921721695,222.1567,4.403395566365668
PHL,Philippines,Sains,356.1672931295155,3.1073087498513026,77.50234745855747,2.0912938001371915,266.3291,2.4141222912732143,301.5248,2.420334060505791,345.5683,2.7064674266775617,402.59950000000003,4.626926251153255,463.57550000000003,6.441052710845401,197.2464,6.2446888598765815
QAT,Qatar,Sains,432.4025147198772,1.4797313436548778,96.88072559984079,1.2649125924609186,313.19550000000004,2.3644975773583137,361.0455,2.0537003431475638,425.46139999999997,2.1015922124665445,495.9521000000001,2.166641747965681,563.6622,2.9162930084698293,250.46669999999995,3.813274832975647
ROU,Romania,Sains,427.5111075386248,3.8673798028665796,96.14513408978412,1.6843084659372443,303.4971,3.8565919044900023,355.80240000000003,4.020775907914619,425.8063,5.167684311178462,495.9052,4.676372427382504,555.7425499999999,4.790781374015217,252.24545,5.2469342583444725
SAU,Saudi Arabia,Sains,390.3876155510652,1.955821106747594,69.55816513258067,1.351425920021749,303.52930000000003,3.056591949286729,341.87,2.2489636163748274,387.24930000000006,2.332260295173851,435.5075000000001,2.551537046049129,482.0481000000001,3.14918227809926,178.5188,4.435636050923255
SRB,Serbia,Sains,447.4606644730866,2.891301221220948,90.97543337337937,2.1796397284208817,332.1959,3.287811263929577,383.07480000000004,3.009121326437706,445.29650000000004,3.0965247996970606,509.88779999999997,3.6170325277313493,566.9679,4.873170000055866,234.772,5.419701889915678
SGP,Singapore,Sains,561.4332749173002,1.327320150834345,99.09423820187008,1.1028922501279297,425.1857,3.0918618650867655,496.682,2.6775172940617966,569.4925,1.967186564014433,631.7112000000001,1.5867331027757687,683.6264999999999,2.2355167410342704,258.44079999999997,3.8904664603218277
TWN,Chinese Taipei,Sains,537.3803810477806,3.313139652741943,102.61029468226148,2.0344941994335795,396.6355,4.827027327599135,469.2464,3.971083244339287,544.1539,3.483093626042479,610.5979999999998,3.912355510928022,663.8190999999999,4.9739785123849,267.1836,6.310353129513971
THA,Thailand,Sains,409.2643087315186,2.7834315014143236,81.53633358437916,1.882853000400451,309.2594,3.2783041156128996,352.0964,2.8509704761176384,403.2908,2.9674730117887225,461.5906,3.829900273433297,518.3271,4.92867062057419,209.06769999999997,5.359593925797404
UKR,Ukraine,Sains,450.18723808047235,3.7782094468894485,90.08493987939345,1.9712386599938636,333.6938,5.3522255240356715,386.4202,5.000280295087913,449.05500000000006,5.014284738901226,513.4851,4.193722317742718,567.2427999999999,4.431451856395995,233.54899999999998,5.657477962064899
ARE,United Arab Emirates,Sains,431.9794709332868,1.3102694382323918,109.87669762759297,1.2797274921997661,295.5067,2.5152241837072022,349.99575,2.123848650445703,424.29890000000006,1.7875289012815077,509.5272000000001,1.9132362331995925,582.0397,2.738094310779354,286.5330000000001,4.2956392857078445
URY,Uruguay,Sains,435.38477279819784,2.477708610747808,91.61398943677416,1.449568358874733,318.10720000000003,3.408980546536844,369.2808,3.137670247793556,432.79089999999997,2.774799400982792,499.97960000000006,2.857072891989086,556.6877000000001,3.902892300624995,238.5805,4.667458588431416
UZB,Uzbekistan,Sains,354.8635651535274,2.009701009148101,62.56255893536886,1.0248188741743947,276.17695000000003,2.341485959427147,312.30690000000004,1.9159415044132568,352.53200000000004,2.239742593841236,395.57700000000006,2.825233459207893,436.5342,2.988408917825481,160.35725000000002,2.8210021605805293
VNM,Viet Nam,Sains,472.38096175909453,3.5880830402758406,78.34431984752021,1.826223496818521,372.44090000000006,4.818954660980256,420.0264,3.8618439812729903,473.3771,3.642375031506077,525.4167000000001,3.801452259626871,571.894,4.515051221808629,199.45310000000003,5.269729302833207
